,token,chapter,verse,book
0,In,1,1,37-HAG
1,the,1,1,37-HAG
2,second,1,1,37-HAG
3,year,1,1,37-HAG
4,of,1,1,37-HAG
5,Darius,1,1,37-HAG
6,the,1,1,37-HAG
7,"king,",1,1,37-HAG
8,in,1,1,37-HAG
9,the,1,1,37-HAG
10,sixth,1,1,37-HAG
11,"month,",1,1,37-HAG
12,on,1,1,37-HAG
13,the,1,1,37-HAG
14,first,1,1,37-HAG
15,day,1,1,37-HAG
16,of,1,1,37-HAG
17,the,1,1,37-HAG
18,"month,",1,1,37-HAG
19,the,1,1,37-HAG
20,word,1,1,37-HAG
21,of,1,1,37-HAG
22,Yahweh,1,1,37-HAG
23,came,1,1,37-HAG
24,by,1,1,37-HAG
25,the,1,1,37-HAG
26,hand,1,1,37-HAG
27,of,1,1,37-HAG
28,Haggai,1,1,37-HAG
29,the,1,1,37-HAG
30,prophet,1,1,37-HAG
31,to,1,1,37-HAG
32,the,1,1,37-HAG
33,governor,1,1,37-HAG
34,of,1,1,37-HAG
35,"Judah,",1,1,37-HAG
36,Zerubbabel,1,1,37-HAG
37,son,1,1,37-HAG
38,of,1,1,37-HAG
39,"Shealtiel,",1,1,37-HAG
40,and,1,1,37-HAG
41,to,1,1,37-HAG
42,the,1,1,37-HAG
43,high,1,1,37-HAG
44,priest,1,1,37-HAG
45,Joshua,1,1,37-HAG
46,son,1,1,37-HAG
47,of,1,1,37-HAG
48,"Jehozadak,",1,1,37-HAG
49,"saying,",1,1,37-HAG
50,“Yahweh,1,2,37-HAG
51,of,1,2,37-HAG
52,hosts,1,2,37-HAG
53,says,1,2,37-HAG
54,this:,1,2,37-HAG
55,These,1,2,37-HAG
56,people,1,2,37-HAG
57,"say,",1,2,37-HAG
58,‘It,1,2,37-HAG
59,is,1,2,37-HAG
60,not,1,2,37-HAG
61,time,1,2,37-HAG
62,for,1,2,37-HAG
63,us,1,2,37-HAG
64,to,1,2,37-HAG
65,come,1,2,37-HAG
66,or,1,2,37-HAG
67,to,1,2,37-HAG
68,build,1,2,37-HAG
69,Yahweh’s,1,2,37-HAG
70,house.’”,1,2,37-HAG
71,Then,1,3,37-HAG
72,the,1,3,37-HAG
73,word,1,3,37-HAG
74,of,1,3,37-HAG
75,Yahweh,1,3,37-HAG
76,came,1,3,37-HAG
77,by,1,3,37-HAG
78,the,1,3,37-HAG
79,hand,1,3,37-HAG
80,of,1,3,37-HAG
81,Haggai,1,3,37-HAG
82,the,1,3,37-HAG
83,"prophet,",1,3,37-HAG
84,"saying,",1,3,37-HAG
85,“Is,1,4,37-HAG
86,it,1,4,37-HAG
87,a,1,4,37-HAG
88,time,1,4,37-HAG
89,for,1,4,37-HAG
90,you,1,4,37-HAG
91,yourselves,1,4,37-HAG
92,to,1,4,37-HAG
93,live,1,4,37-HAG
94,in,1,4,37-HAG
95,your,1,4,37-HAG
96,finished,1,4,37-HAG
97,"houses,",1,4,37-HAG
98,while,1,4,37-HAG
99,this,1,4,37-HAG
100,house,1,4,37-HAG
101,lies,1,4,37-HAG
102,ruined?,1,4,37-HAG
103,So,1,5,37-HAG
104,now,1,5,37-HAG
105,Yahweh,1,5,37-HAG
106,of,1,5,37-HAG
107,hosts,1,5,37-HAG
108,says,1,5,37-HAG
109,this:,1,5,37-HAG
110,Consider,1,5,37-HAG
111,your,1,5,37-HAG
112,ways!,1,5,37-HAG
113,You,1,6,37-HAG
114,have,1,6,37-HAG
115,sown,1,6,37-HAG
116,much,1,6,37-HAG
117,"seed,",1,6,37-HAG
118,but,1,6,37-HAG
119,bring,1,6,37-HAG
120,in,1,6,37-HAG
121,little,1,6,37-HAG
122,harvest;,1,6,37-HAG
123,you,1,6,37-HAG
124,eat,1,6,37-HAG
125,but,1,6,37-HAG
126,do,1,6,37-HAG
127,not,1,6,37-HAG
128,have,1,6,37-HAG
129,enough;,1,6,37-HAG
130,you,1,6,37-HAG
131,drink,1,6,37-HAG
132,but,1,6,37-HAG
133,cannot,1,6,37-HAG
134,get,1,6,37-HAG
135,drunk.,1,6,37-HAG
136,You,1,6,37-HAG
137,wear,1,6,37-HAG
138,clothes,1,6,37-HAG
139,but,1,6,37-HAG
140,cannot,1,6,37-HAG
141,warm,1,6,37-HAG
142,"yourselves,",1,6,37-HAG
143,and,1,6,37-HAG
144,the,1,6,37-HAG
145,wage,1,6,37-HAG
146,earner,1,6,37-HAG
147,earns,1,6,37-HAG
148,money,1,6,37-HAG
149,only,1,6,37-HAG
150,to,1,6,37-HAG
151,put,1,6,37-HAG
152,it,1,6,37-HAG
153,into,1,6,37-HAG
154,a,1,6,37-HAG
155,bag,1,6,37-HAG
156,full,1,6,37-HAG
157,of,1,6,37-HAG
158,holes!,1,6,37-HAG
159,Yahweh,1,7,37-HAG
160,of,1,7,37-HAG
161,hosts,1,7,37-HAG
162,says,1,7,37-HAG
163,this:,1,7,37-HAG
164,“Consider,1,7,37-HAG
165,your,1,7,37-HAG
166,ways!,1,7,37-HAG
167,Go,1,8,37-HAG
168,up,1,8,37-HAG
169,to,1,8,37-HAG
170,the,1,8,37-HAG
171,"mountain,",1,8,37-HAG
172,bring,1,8,37-HAG
173,"timber,",1,8,37-HAG
174,and,1,8,37-HAG
175,build,1,8,37-HAG
176,my,1,8,37-HAG
177,house;,1,8,37-HAG
178,then,1,8,37-HAG
179,I,1,8,37-HAG
180,will,1,8,37-HAG
181,take,1,8,37-HAG
182,pleasure,1,8,37-HAG
183,in,1,8,37-HAG
184,"it,",1,8,37-HAG
185,and,1,8,37-HAG
186,I,1,8,37-HAG
187,will,1,8,37-HAG
188,be,1,8,37-HAG
189,glorified!—says,1,8,37-HAG
190,Yahweh.”,1,8,37-HAG
191,“You,1,9,37-HAG
192,looked,1,9,37-HAG
193,for,1,9,37-HAG
194,"much,",1,9,37-HAG
195,but,1,9,37-HAG
196,behold!,1,9,37-HAG
197,you,1,9,37-HAG
198,have,1,9,37-HAG
199,brought,1,9,37-HAG
200,little,1,9,37-HAG
201,"home,",1,9,37-HAG
202,for,1,9,37-HAG
203,I,1,9,37-HAG
204,blew,1,9,37-HAG
205,it,1,9,37-HAG
206,away!,1,9,37-HAG
207,Why?”,1,9,37-HAG
208,declares,1,9,37-HAG
209,Yahweh,1,9,37-HAG
210,of,1,9,37-HAG
211,hosts.,1,9,37-HAG
212,“Because,1,9,37-HAG
213,my,1,9,37-HAG
214,house,1,9,37-HAG
215,lies,1,9,37-HAG
216,in,1,9,37-HAG
217,"ruins,",1,9,37-HAG
218,while,1,9,37-HAG
219,every,1,9,37-HAG
220,one,1,9,37-HAG
221,of,1,9,37-HAG
222,you,1,9,37-HAG
223,is,1,9,37-HAG
224,working,1,9,37-HAG
225,on,1,9,37-HAG
226,his,1,9,37-HAG
227,own,1,9,37-HAG
228,house.,1,9,37-HAG
229,Because,1,10,37-HAG
230,of,1,10,37-HAG
231,this,1,10,37-HAG
232,the,1,10,37-HAG
233,heavens,1,10,37-HAG
234,withhold,1,10,37-HAG
235,the,1,10,37-HAG
236,dew,1,10,37-HAG
237,from,1,10,37-HAG
238,"you,",1,10,37-HAG
239,and,1,10,37-HAG
240,the,1,10,37-HAG
241,earth,1,10,37-HAG
242,withholds,1,10,37-HAG
243,its,1,10,37-HAG
244,produce.,1,10,37-HAG
245,I,1,11,37-HAG
246,have,1,11,37-HAG
247,summoned,1,11,37-HAG
248,a,1,11,37-HAG
249,drought,1,11,37-HAG
250,upon,1,11,37-HAG
251,the,1,11,37-HAG
252,land,1,11,37-HAG
253,and,1,11,37-HAG
254,upon,1,11,37-HAG
255,the,1,11,37-HAG
256,"mountains,",1,11,37-HAG
257,upon,1,11,37-HAG
258,the,1,11,37-HAG
259,grain,1,11,37-HAG
260,and,1,11,37-HAG
261,upon,1,11,37-HAG
262,the,1,11,37-HAG
263,new,1,11,37-HAG
264,"wine,",1,11,37-HAG
265,upon,1,11,37-HAG
266,the,1,11,37-HAG
267,oil,1,11,37-HAG
268,and,1,11,37-HAG
269,upon,1,11,37-HAG
270,the,1,11,37-HAG
271,harvest,1,11,37-HAG
272,of,1,11,37-HAG
273,the,1,11,37-HAG
274,"earth,",1,11,37-HAG
275,upon,1,11,37-HAG
276,men,1,11,37-HAG
277,and,1,11,37-HAG
278,upon,1,11,37-HAG
279,"beasts,",1,11,37-HAG
280,and,1,11,37-HAG
281,upon,1,11,37-HAG
282,all,1,11,37-HAG
283,the,1,11,37-HAG
284,labor,1,11,37-HAG
285,of,1,11,37-HAG
286,your,1,11,37-HAG
287,hands!”,1,11,37-HAG
288,\p,1,11,37-HAG
289,Then,1,12,37-HAG
290,Zerubbabel,1,12,37-HAG
291,son,1,12,37-HAG
292,of,1,12,37-HAG
293,"Shealtiel,",1,12,37-HAG
294,and,1,12,37-HAG
295,the,1,12,37-HAG
296,high,1,12,37-HAG
297,priest,1,12,37-HAG
298,Joshua,1,12,37-HAG
299,son,1,12,37-HAG
300,of,1,12,37-HAG
301,"Jehozadak,",1,12,37-HAG
302,along,1,12,37-HAG
303,with,1,12,37-HAG
304,all,1,12,37-HAG
305,the,1,12,37-HAG
306,remnant,1,12,37-HAG
307,of,1,12,37-HAG
308,the,1,12,37-HAG
309,"people,",1,12,37-HAG
310,obeyed,1,12,37-HAG
311,the,1,12,37-HAG
312,voice,1,12,37-HAG
313,of,1,12,37-HAG
314,Yahweh,1,12,37-HAG
315,their,1,12,37-HAG
316,God,1,12,37-HAG
317,and,1,12,37-HAG
318,the,1,12,37-HAG
319,words,1,12,37-HAG
320,of,1,12,37-HAG
321,Haggai,1,12,37-HAG
322,the,1,12,37-HAG
323,"prophet,",1,12,37-HAG
324,because,1,12,37-HAG
325,Yahweh,1,12,37-HAG
326,their,1,12,37-HAG
327,God,1,12,37-HAG
328,had,1,12,37-HAG
329,sent,1,12,37-HAG
330,him,1,12,37-HAG
331,and,1,12,37-HAG
332,the,1,12,37-HAG
333,people,1,12,37-HAG
334,feared,1,12,37-HAG
335,the,1,12,37-HAG
336,face,1,12,37-HAG
337,of,1,12,37-HAG
338,Yahweh.,1,12,37-HAG
339,Then,1,13,37-HAG
340,"Haggai,",1,13,37-HAG
341,the,1,13,37-HAG
342,messenger,1,13,37-HAG
343,of,1,13,37-HAG
344,"Yahweh,",1,13,37-HAG
345,spoke,1,13,37-HAG
346,Yahweh’s,1,13,37-HAG
347,message,1,13,37-HAG
348,to,1,13,37-HAG
349,the,1,13,37-HAG
350,people,1,13,37-HAG
351,and,1,13,37-HAG
352,"said,",1,13,37-HAG
353,“I,1,13,37-HAG
354,am,1,13,37-HAG
355,with,1,13,37-HAG
356,you!—this,1,13,37-HAG
357,is,1,13,37-HAG
358,Yahweh’s,1,13,37-HAG
359,declaration!”,1,13,37-HAG
360,So,1,14,37-HAG
361,Yahweh,1,14,37-HAG
362,stirred,1,14,37-HAG
363,up,1,14,37-HAG
364,the,1,14,37-HAG
365,spirit,1,14,37-HAG
366,of,1,14,37-HAG
367,the,1,14,37-HAG
368,governor,1,14,37-HAG
369,of,1,14,37-HAG
370,"Judah,",1,14,37-HAG
371,Zerubbabel,1,14,37-HAG
372,son,1,14,37-HAG
373,of,1,14,37-HAG
374,"Shealtiel,",1,14,37-HAG
375,and,1,14,37-HAG
376,the,1,14,37-HAG
377,spirit,1,14,37-HAG
378,of,1,14,37-HAG
379,the,1,14,37-HAG
380,high,1,14,37-HAG
381,priest,1,14,37-HAG
382,Joshua,1,14,37-HAG
383,son,1,14,37-HAG
384,of,1,14,37-HAG
385,"Jehozadak,",1,14,37-HAG
386,and,1,14,37-HAG
387,the,1,14,37-HAG
388,spirit,1,14,37-HAG
389,of,1,14,37-HAG
390,all,1,14,37-HAG
391,the,1,14,37-HAG
392,remnant,1,14,37-HAG
393,of,1,14,37-HAG
394,the,1,14,37-HAG
395,"people,",1,14,37-HAG
396,so,1,14,37-HAG
397,that,1,14,37-HAG
398,they,1,14,37-HAG
399,went,1,14,37-HAG
400,and,1,14,37-HAG
401,worked,1,14,37-HAG
402,on,1,14,37-HAG
403,the,1,14,37-HAG
404,house,1,14,37-HAG
405,of,1,14,37-HAG
406,Yahweh,1,14,37-HAG
407,of,1,14,37-HAG
408,"hosts,",1,14,37-HAG
409,their,1,14,37-HAG
410,God,1,14,37-HAG
411,in,1,15,37-HAG
412,the,1,15,37-HAG
413,twenty-fourth,1,15,37-HAG
414,day,1,15,37-HAG
415,of,1,15,37-HAG
416,the,1,15,37-HAG
417,sixth,1,15,37-HAG
418,"month,",1,15,37-HAG
419,in,1,15,37-HAG
420,the,1,15,37-HAG
421,second,1,15,37-HAG
422,year,1,15,37-HAG
423,of,1,15,37-HAG
424,Darius,1,15,37-HAG
425,the,1,15,37-HAG
426,king.,1,15,37-HAG
427,\s5,1,15,37-HAG
428,In,2,1,37-HAG
429,the,2,1,37-HAG
430,seventh,2,1,37-HAG
431,month,2,1,37-HAG
432,on,2,1,37-HAG
433,the,2,1,37-HAG
434,twenty-first,2,1,37-HAG
435,day,2,1,37-HAG
436,of,2,1,37-HAG
437,the,2,1,37-HAG
438,"month,",2,1,37-HAG
439,the,2,1,37-HAG
440,word,2,1,37-HAG
441,of,2,1,37-HAG
442,Yahweh,2,1,37-HAG
443,came,2,1,37-HAG
444,by,2,1,37-HAG
445,the,2,1,37-HAG
446,hand,2,1,37-HAG
447,of,2,1,37-HAG
448,Haggai,2,1,37-HAG
449,the,2,1,37-HAG
450,"prophet,",2,1,37-HAG
451,"saying,",2,1,37-HAG
452,“Speak,2,2,37-HAG
453,to,2,2,37-HAG
454,the,2,2,37-HAG
455,governor,2,2,37-HAG
456,of,2,2,37-HAG
457,"Judah,",2,2,37-HAG
458,Zerubbabel,2,2,37-HAG
459,son,2,2,37-HAG
460,of,2,2,37-HAG
461,"Shealtiel,",2,2,37-HAG
462,and,2,2,37-HAG
463,to,2,2,37-HAG
464,the,2,2,37-HAG
465,high,2,2,37-HAG
466,priest,2,2,37-HAG
467,Joshua,2,2,37-HAG
468,son,2,2,37-HAG
469,of,2,2,37-HAG
470,"Jehozadak,",2,2,37-HAG
471,and,2,2,37-HAG
472,to,2,2,37-HAG
473,the,2,2,37-HAG
474,remnant,2,2,37-HAG
475,of,2,2,37-HAG
476,the,2,2,37-HAG
477,people.,2,2,37-HAG
478,"Say,",2,2,37-HAG
479,‘Who,2,3,37-HAG
480,is,2,3,37-HAG
481,left,2,3,37-HAG
482,among,2,3,37-HAG
483,you,2,3,37-HAG
484,who,2,3,37-HAG
485,saw,2,3,37-HAG
486,this,2,3,37-HAG
487,house,2,3,37-HAG
488,in,2,3,37-HAG
489,its,2,3,37-HAG
490,former,2,3,37-HAG
491,glory?,2,3,37-HAG
492,How,2,3,37-HAG
493,do,2,3,37-HAG
494,you,2,3,37-HAG
495,see,2,3,37-HAG
496,it,2,3,37-HAG
497,now?,2,3,37-HAG
498,Is,2,3,37-HAG
499,it,2,3,37-HAG
500,not,2,3,37-HAG
501,like,2,3,37-HAG
502,nothing,2,3,37-HAG
503,in,2,3,37-HAG
504,your,2,3,37-HAG
505,eyes?,2,3,37-HAG
506,"Now,",2,4,37-HAG
507,be,2,4,37-HAG
508,"strong,",2,4,37-HAG
509,Zerubbabel!—this,2,4,37-HAG
510,is,2,4,37-HAG
511,Yahweh’s,2,4,37-HAG
512,declaration—,2,4,37-HAG
513,and,2,4,37-HAG
514,be,2,4,37-HAG
515,"strong,",2,4,37-HAG
516,high,2,4,37-HAG
517,priest,2,4,37-HAG
518,Joshua,2,4,37-HAG
519,son,2,4,37-HAG
520,of,2,4,37-HAG
521,Jehozadak;,2,4,37-HAG
522,and,2,4,37-HAG
523,be,2,4,37-HAG
524,"strong,",2,4,37-HAG
525,all,2,4,37-HAG
526,you,2,4,37-HAG
527,people,2,4,37-HAG
528,in,2,4,37-HAG
529,the,2,4,37-HAG
530,land!—this,2,4,37-HAG
531,is,2,4,37-HAG
532,Yahweh’s,2,4,37-HAG
533,declaration—,2,4,37-HAG
534,and,2,4,37-HAG
535,"work,",2,4,37-HAG
536,for,2,4,37-HAG
537,I,2,4,37-HAG
538,am,2,4,37-HAG
539,with,2,4,37-HAG
540,you!—this,2,4,37-HAG
541,is,2,4,37-HAG
542,the,2,4,37-HAG
543,declaration,2,4,37-HAG
544,of,2,4,37-HAG
545,Yahweh,2,4,37-HAG
546,of,2,4,37-HAG
547,hosts.,2,4,37-HAG
548,This,2,5,37-HAG
549,is,2,5,37-HAG
550,the,2,5,37-HAG
551,covenant,2,5,37-HAG
552,that,2,5,37-HAG
553,I,2,5,37-HAG
554,established,2,5,37-HAG
555,with,2,5,37-HAG
556,you,2,5,37-HAG
557,when,2,5,37-HAG
558,you,2,5,37-HAG
559,came,2,5,37-HAG
560,out,2,5,37-HAG
561,of,2,5,37-HAG
562,"Egypt,",2,5,37-HAG
563,and,2,5,37-HAG
564,my,2,5,37-HAG
565,Spirit,2,5,37-HAG
566,remains,2,5,37-HAG
567,with,2,5,37-HAG
568,you.,2,5,37-HAG
569,Do,2,5,37-HAG
570,not,2,5,37-HAG
571,fear!,2,5,37-HAG
572,For,2,6,37-HAG
573,Yahweh,2,6,37-HAG
574,of,2,6,37-HAG
575,hosts,2,6,37-HAG
576,says,2,6,37-HAG
577,this:,2,6,37-HAG
578,In,2,6,37-HAG
579,a,2,6,37-HAG
580,little,2,6,37-HAG
581,while,2,6,37-HAG
582,I,2,6,37-HAG
583,will,2,6,37-HAG
584,once,2,6,37-HAG
585,again,2,6,37-HAG
586,shake,2,6,37-HAG
587,the,2,6,37-HAG
588,heavens,2,6,37-HAG
589,and,2,6,37-HAG
590,the,2,6,37-HAG
591,"earth,",2,6,37-HAG
592,the,2,6,37-HAG
593,sea,2,6,37-HAG
594,and,2,6,37-HAG
595,the,2,6,37-HAG
596,dry,2,6,37-HAG
597,land!,2,6,37-HAG
598,I,2,7,37-HAG
599,will,2,7,37-HAG
600,shake,2,7,37-HAG
601,every,2,7,37-HAG
602,"nation,",2,7,37-HAG
603,and,2,7,37-HAG
604,every,2,7,37-HAG
605,nation,2,7,37-HAG
606,will,2,7,37-HAG
607,bring,2,7,37-HAG
608,their,2,7,37-HAG
609,precious,2,7,37-HAG
610,things,2,7,37-HAG
611,to,2,7,37-HAG
612,"me,",2,7,37-HAG
613,and,2,7,37-HAG
614,I,2,7,37-HAG
615,will,2,7,37-HAG
616,fill,2,7,37-HAG
617,this,2,7,37-HAG
618,house,2,7,37-HAG
619,with,2,7,37-HAG
620,"glory,",2,7,37-HAG
621,says,2,7,37-HAG
622,Yahweh,2,7,37-HAG
623,of,2,7,37-HAG
624,hosts.,2,7,37-HAG
625,The,2,8,37-HAG
626,silver,2,8,37-HAG
627,and,2,8,37-HAG
628,gold,2,8,37-HAG
629,are,2,8,37-HAG
630,mine!—this,2,8,37-HAG
631,is,2,8,37-HAG
632,the,2,8,37-HAG
633,declaration,2,8,37-HAG
634,of,2,8,37-HAG
635,Yahweh,2,8,37-HAG
636,of,2,8,37-HAG
637,hosts.,2,8,37-HAG
638,The,2,9,37-HAG
639,glory,2,9,37-HAG
640,of,2,9,37-HAG
641,this,2,9,37-HAG
642,house,2,9,37-HAG
643,will,2,9,37-HAG
644,be,2,9,37-HAG
645,greater,2,9,37-HAG
646,in,2,9,37-HAG
647,the,2,9,37-HAG
648,future,2,9,37-HAG
649,than,2,9,37-HAG
650,at,2,9,37-HAG
651,the,2,9,37-HAG
652,"beginning,",2,9,37-HAG
653,says,2,9,37-HAG
654,Yahweh,2,9,37-HAG
655,of,2,9,37-HAG
656,"hosts,",2,9,37-HAG
657,and,2,9,37-HAG
658,I,2,9,37-HAG
659,will,2,9,37-HAG
660,give,2,9,37-HAG
661,peace,2,9,37-HAG
662,in,2,9,37-HAG
663,this,2,9,37-HAG
664,place!—this,2,9,37-HAG
665,is,2,9,37-HAG
666,the,2,9,37-HAG
667,declaration,2,9,37-HAG
668,of,2,9,37-HAG
669,Yahweh,2,9,37-HAG
670,of,2,9,37-HAG
671,hosts.”,2,9,37-HAG
672,\p,2,9,37-HAG
673,On,2,10,37-HAG
674,the,2,10,37-HAG
675,twenty-fourth,2,10,37-HAG
676,day,2,10,37-HAG
677,of,2,10,37-HAG
678,the,2,10,37-HAG
679,ninth,2,10,37-HAG
680,"month,",2,10,37-HAG
681,in,2,10,37-HAG
682,the,2,10,37-HAG
683,second,2,10,37-HAG
684,year,2,10,37-HAG
685,of,2,10,37-HAG
686,"Darius,",2,10,37-HAG
687,the,2,10,37-HAG
688,word,2,10,37-HAG
689,of,2,10,37-HAG
690,Yahweh,2,10,37-HAG
691,came,2,10,37-HAG
692,by,2,10,37-HAG
693,Haggai,2,10,37-HAG
694,the,2,10,37-HAG
695,"prophet,",2,10,37-HAG
696,"saying,",2,10,37-HAG
697,“Yahweh,2,11,37-HAG
698,of,2,11,37-HAG
699,hosts,2,11,37-HAG
700,says,2,11,37-HAG
701,this:,2,11,37-HAG
702,Ask,2,11,37-HAG
703,the,2,11,37-HAG
704,priests,2,11,37-HAG
705,concerning,2,11,37-HAG
706,the,2,11,37-HAG
707,"law,",2,11,37-HAG
708,and,2,11,37-HAG
709,"say,",2,11,37-HAG
710,‘If,2,12,37-HAG
711,a,2,12,37-HAG
712,man,2,12,37-HAG
713,carries,2,12,37-HAG
714,meat,2,12,37-HAG
715,that,2,12,37-HAG
716,is,2,12,37-HAG
717,set,2,12,37-HAG
718,apart,2,12,37-HAG
719,to,2,12,37-HAG
720,Yahweh,2,12,37-HAG
721,in,2,12,37-HAG
722,the,2,12,37-HAG
723,fold,2,12,37-HAG
724,of,2,12,37-HAG
725,his,2,12,37-HAG
726,"garment,",2,12,37-HAG
727,and,2,12,37-HAG
728,the,2,12,37-HAG
729,fold,2,12,37-HAG
730,touches,2,12,37-HAG
731,bread,2,12,37-HAG
732,or,2,12,37-HAG
733,"stew,",2,12,37-HAG
734,wine,2,12,37-HAG
735,or,2,12,37-HAG
736,"oil,",2,12,37-HAG
737,or,2,12,37-HAG
738,any,2,12,37-HAG
739,kind,2,12,37-HAG
740,of,2,12,37-HAG
741,"food,",2,12,37-HAG
742,does,2,12,37-HAG
743,it,2,12,37-HAG
744,become,2,12,37-HAG
745,holy?’”,2,12,37-HAG
746,The,2,12,37-HAG
747,priests,2,12,37-HAG
748,answered,2,12,37-HAG
749,and,2,12,37-HAG
750,"said,",2,12,37-HAG
751,“No.”,2,12,37-HAG
752,Then,2,13,37-HAG
753,Haggai,2,13,37-HAG
754,"said,",2,13,37-HAG
755,“If,2,13,37-HAG
756,someone,2,13,37-HAG
757,who,2,13,37-HAG
758,is,2,13,37-HAG
759,unclean,2,13,37-HAG
760,because,2,13,37-HAG
761,of,2,13,37-HAG
762,death,2,13,37-HAG
763,touches,2,13,37-HAG
764,any,2,13,37-HAG
765,of,2,13,37-HAG
766,these,2,13,37-HAG
767,"things,",2,13,37-HAG
768,do,2,13,37-HAG
769,they,2,13,37-HAG
770,become,2,13,37-HAG
771,unclean?”,2,13,37-HAG
772,The,2,13,37-HAG
773,priests,2,13,37-HAG
774,answered,2,13,37-HAG
775,and,2,13,37-HAG
776,"said,",2,13,37-HAG
777,"“Yes,",2,13,37-HAG
778,they,2,13,37-HAG
779,become,2,13,37-HAG
780,unclean.”,2,13,37-HAG
781,So,2,14,37-HAG
782,Haggai,2,14,37-HAG
783,answered,2,14,37-HAG
784,and,2,14,37-HAG
785,"said,",2,14,37-HAG
786,“So,2,14,37-HAG
787,it,2,14,37-HAG
788,is,2,14,37-HAG
789,with,2,14,37-HAG
790,this,2,14,37-HAG
791,people,2,14,37-HAG
792,and,2,14,37-HAG
793,this,2,14,37-HAG
794,nation,2,14,37-HAG
795,before,2,14,37-HAG
796,me!—this,2,14,37-HAG
797,is,2,14,37-HAG
798,Yahweh’s,2,14,37-HAG
799,declaration—and,2,14,37-HAG
800,so,2,14,37-HAG
801,it,2,14,37-HAG
802,is,2,14,37-HAG
803,with,2,14,37-HAG
804,everything,2,14,37-HAG
805,done,2,14,37-HAG
806,by,2,14,37-HAG
807,their,2,14,37-HAG
808,hands.,2,14,37-HAG
809,What,2,14,37-HAG
810,they,2,14,37-HAG
811,offer,2,14,37-HAG
812,to,2,14,37-HAG
813,me,2,14,37-HAG
814,is,2,14,37-HAG
815,unclean!,2,14,37-HAG
816,So,2,15,37-HAG
817,"now,",2,15,37-HAG
818,think,2,15,37-HAG
819,in,2,15,37-HAG
820,your,2,15,37-HAG
821,minds,2,15,37-HAG
822,about,2,15,37-HAG
823,the,2,15,37-HAG
824,past,2,15,37-HAG
825,leading,2,15,37-HAG
826,up,2,15,37-HAG
827,to,2,15,37-HAG
828,this,2,15,37-HAG
829,very,2,15,37-HAG
830,day.,2,15,37-HAG
831,Before,2,15,37-HAG
832,stone,2,15,37-HAG
833,was,2,15,37-HAG
834,placed,2,15,37-HAG
835,upon,2,15,37-HAG
836,stone,2,15,37-HAG
837,in,2,15,37-HAG
838,the,2,15,37-HAG
839,temple,2,15,37-HAG
840,of,2,15,37-HAG
841,"Yahweh,",2,15,37-HAG
842,how,2,16,37-HAG
843,was,2,16,37-HAG
844,it,2,16,37-HAG
845,then?,2,16,37-HAG
846,When,2,16,37-HAG
847,you,2,16,37-HAG
848,came,2,16,37-HAG
849,to,2,16,37-HAG
850,a,2,16,37-HAG
851,heap,2,16,37-HAG
852,of,2,16,37-HAG
853,twenty,2,16,37-HAG
854,measures,2,16,37-HAG
855,of,2,16,37-HAG
856,"grain,",2,16,37-HAG
857,there,2,16,37-HAG
858,were,2,16,37-HAG
859,only,2,16,37-HAG
860,ten;,2,16,37-HAG
861,and,2,16,37-HAG
862,when,2,16,37-HAG
863,you,2,16,37-HAG
864,came,2,16,37-HAG
865,to,2,16,37-HAG
866,the,2,16,37-HAG
867,wine,2,16,37-HAG
868,vat,2,16,37-HAG
869,to,2,16,37-HAG
870,draw,2,16,37-HAG
871,out,2,16,37-HAG
872,fifty,2,16,37-HAG
873,"measures,",2,16,37-HAG
874,there,2,16,37-HAG
875,were,2,16,37-HAG
876,only,2,16,37-HAG
877,twenty.,2,16,37-HAG
878,I,2,17,37-HAG
879,afflicted,2,17,37-HAG
880,you,2,17,37-HAG
881,and,2,17,37-HAG
882,all,2,17,37-HAG
883,the,2,17,37-HAG
884,work,2,17,37-HAG
885,of,2,17,37-HAG
886,your,2,17,37-HAG
887,hands,2,17,37-HAG
888,with,2,17,37-HAG
889,blight,2,17,37-HAG
890,and,2,17,37-HAG
891,"mildew,",2,17,37-HAG
892,but,2,17,37-HAG
893,you,2,17,37-HAG
894,still,2,17,37-HAG
895,did,2,17,37-HAG
896,not,2,17,37-HAG
897,turn,2,17,37-HAG
898,to,2,17,37-HAG
899,me—this,2,17,37-HAG
900,is,2,17,37-HAG
901,Yahweh’s,2,17,37-HAG
902,declaration.,2,17,37-HAG
903,Consider,2,18,37-HAG
904,from,2,18,37-HAG
905,this,2,18,37-HAG
906,day,2,18,37-HAG
907,"forward,",2,18,37-HAG
908,from,2,18,37-HAG
909,the,2,18,37-HAG
910,twenty-fourth,2,18,37-HAG
911,day,2,18,37-HAG
912,of,2,18,37-HAG
913,the,2,18,37-HAG
914,ninth,2,18,37-HAG
915,"month,",2,18,37-HAG
916,from,2,18,37-HAG
917,the,2,18,37-HAG
918,day,2,18,37-HAG
919,that,2,18,37-HAG
920,the,2,18,37-HAG
921,foundation,2,18,37-HAG
922,of,2,18,37-HAG
923,Yahweh’s,2,18,37-HAG
924,temple,2,18,37-HAG
925,was,2,18,37-HAG
926,laid.,2,18,37-HAG
927,Consider,2,18,37-HAG
928,it!,2,18,37-HAG
929,Is,2,19,37-HAG
930,there,2,19,37-HAG
931,still,2,19,37-HAG
932,seed,2,19,37-HAG
933,in,2,19,37-HAG
934,the,2,19,37-HAG
935,storehouse?,2,19,37-HAG
936,The,2,19,37-HAG
937,"vine,",2,19,37-HAG
938,the,2,19,37-HAG
939,fig,2,19,37-HAG
940,"tree,",2,19,37-HAG
941,the,2,19,37-HAG
942,"pomegranate,",2,19,37-HAG
943,and,2,19,37-HAG
944,the,2,19,37-HAG
945,olive,2,19,37-HAG
946,tree,2,19,37-HAG
947,have,2,19,37-HAG
948,not,2,19,37-HAG
949,produced!,2,19,37-HAG
950,But,2,19,37-HAG
951,from,2,19,37-HAG
952,this,2,19,37-HAG
953,day,2,19,37-HAG
954,will,2,19,37-HAG
955,I,2,19,37-HAG
956,bless,2,19,37-HAG
957,you!”,2,19,37-HAG
958,\p,2,19,37-HAG
959,Then,2,20,37-HAG
960,the,2,20,37-HAG
961,word,2,20,37-HAG
962,of,2,20,37-HAG
963,Yahweh,2,20,37-HAG
964,came,2,20,37-HAG
965,a,2,20,37-HAG
966,second,2,20,37-HAG
967,time,2,20,37-HAG
968,to,2,20,37-HAG
969,Haggai,2,20,37-HAG
970,on,2,20,37-HAG
971,the,2,20,37-HAG
972,twenty-fourth,2,20,37-HAG
973,day,2,20,37-HAG
974,of,2,20,37-HAG
975,the,2,20,37-HAG
976,month,2,20,37-HAG
977,and,2,20,37-HAG
978,"said,",2,20,37-HAG
979,“Speak,2,21,37-HAG
980,to,2,21,37-HAG
981,the,2,21,37-HAG
982,governor,2,21,37-HAG
983,of,2,21,37-HAG
984,"Judah,",2,21,37-HAG
985,"Zerubbabel,",2,21,37-HAG
986,and,2,21,37-HAG
987,"say,",2,21,37-HAG
988,‘I,2,21,37-HAG
989,will,2,21,37-HAG
990,shake,2,21,37-HAG
991,the,2,21,37-HAG
992,heavens,2,21,37-HAG
993,and,2,21,37-HAG
994,the,2,21,37-HAG
995,earth.,2,21,37-HAG
996,For,2,22,37-HAG
997,I,2,22,37-HAG
998,will,2,22,37-HAG
999,overthrow,2,22,37-HAG
1000,the,2,22,37-HAG
1001,throne,2,22,37-HAG
1002,of,2,22,37-HAG
1003,kingdoms,2,22,37-HAG
1004,and,2,22,37-HAG
1005,destroy,2,22,37-HAG
1006,the,2,22,37-HAG
1007,strength,2,22,37-HAG
1008,of,2,22,37-HAG
1009,the,2,22,37-HAG
1010,kingdoms,2,22,37-HAG
1011,of,2,22,37-HAG
1012,the,2,22,37-HAG
1013,nations!,2,22,37-HAG
1014,I,2,22,37-HAG
1015,will,2,22,37-HAG
1016,overthrow,2,22,37-HAG
1017,the,2,22,37-HAG
1018,chariots,2,22,37-HAG
1019,and,2,22,37-HAG
1020,their,2,22,37-HAG
1021,riders;,2,22,37-HAG
1022,the,2,22,37-HAG
1023,horses,2,22,37-HAG
1024,and,2,22,37-HAG
1025,their,2,22,37-HAG
1026,riders,2,22,37-HAG
1027,will,2,22,37-HAG
1028,fall,2,22,37-HAG
1029,"down,",2,22,37-HAG
1030,each,2,22,37-HAG
1031,one,2,22,37-HAG
1032,because,2,22,37-HAG
1033,of,2,22,37-HAG
1034,his,2,22,37-HAG
1035,brother’s,2,22,37-HAG
1036,sword.,2,22,37-HAG
1037,On,2,23,37-HAG
1038,that,2,23,37-HAG
1039,day—this,2,23,37-HAG
1040,is,2,23,37-HAG
1041,the,2,23,37-HAG
1042,declaration,2,23,37-HAG
1043,of,2,23,37-HAG
1044,Yahweh,2,23,37-HAG
1045,of,2,23,37-HAG
1046,hosts—I,2,23,37-HAG
1047,will,2,23,37-HAG
1048,take,2,23,37-HAG
1049,"you,",2,23,37-HAG
1050,Zerubbabel,2,23,37-HAG
1051,son,2,23,37-HAG
1052,of,2,23,37-HAG
1053,"Shealtiel,",2,23,37-HAG
1054,as,2,23,37-HAG
1055,my,2,23,37-HAG
1056,servant—this,2,23,37-HAG
1057,is,2,23,37-HAG
1058,Yahweh’s,2,23,37-HAG
1059,declaration.,2,23,37-HAG
1060,I,2,23,37-HAG
1061,will,2,23,37-HAG
1062,make,2,23,37-HAG
1063,you,2,23,37-HAG
1064,like,2,23,37-HAG
1065,a,2,23,37-HAG
1066,signet,2,23,37-HAG
1067,"ring,",2,23,37-HAG
1068,for,2,23,37-HAG
1069,I,2,23,37-HAG
1070,have,2,23,37-HAG
1071,chosen,2,23,37-HAG
1072,you!,2,23,37-HAG
1073,—this,2,23,37-HAG
1074,is,2,23,37-HAG
1075,the,2,23,37-HAG
1076,declaration,2,23,37-HAG
1077,of,2,23,37-HAG
1078,Yahweh,2,23,37-HAG
1079,of,2,23,37-HAG
1080,hosts!’”,2,23,37-HAG
